{"offline_id": "5b18bd49e724414f960339485f7be4bb", "project_name": "yolov5", "start_time": 1674142018900, "stop_time": 1674143121025, "tags": [], "workspace": null, "resume_strategy": "create", "customer_error_reported": true, "customer_error_message": "Unexpected error detected in the user script: OutOfMemoryError('CUDA out of memory. Tried to allocate 50.00 MiB (GPU 0; 2.00 GiB total capacity; 976.65 MiB already allocated; 38.60 MiB free; 1006.00 MiB reserved in total by PyTorch) If reserved memory is >> allocated memory try setting max_split_size_mb to avoid fragmentation.  See documentation for Memory Management and PYTORCH_CUDA_ALLOC_CONF')"}